Model,batch_size,inference_latency_ms,GPU_memory_consumption_MB,GFLOPs,inference_latency_ms_ratio,GPU_memory_consumption_MB_ratio
Swin B4,1,112.14495849609375,369.0,15.466904576,inf,inf
Swin B4,2,29.392000198364258,386.0,30.933809152,0.26208935820675383,1.046070460704607
Swin B4,4,19.286815643310547,424.0,61.867618304,0.6561926889339063,1.0984455958549222
Swin B4,8,33.108863830566406,504.0,123.735236608,1.716657868405037,1.1886792452830188
Swin B4,16,62.912254333496094,663.0,247.470473216,1.9001634926359183,1.3154761904761905
Swin B4,32,120.3222427368164,987.0,494.940946432,1.9125406331649089,1.48868778280543
Swin B4,64,234.2838134765625,1610.0,989.881892864,1.9471363577307716,1.6312056737588652
Swin B4,128,468.2388916015625,2875.0,1979.763785728,1.9985968499202553,1.7857142857142858
Swin B4,256,943.38818359375,5405.0,3959.527571456,2.014758279405174,1.88
