Model,batch_size,inference_latency_ms,GPU_memory_consumption_MB,GFLOPs,inference_latency_ms_ratio,GPU_memory_consumption_MB_ratio
ResNet50,1,151.01580810546875,231.0,4.109669376,inf,inf
ResNet50,2,47.66579055786133,232.0,8.219338752,0.31563444354495496,1.0043290043290043
ResNet50,4,42.961727142333984,255.0,16.438677504,0.9013115410345057,1.0991379310344827
ResNet50,8,43.294368743896484,252.0,32.877355008,1.0077427427547418,0.9882352941176471
ResNet50,16,43.982975006103516,342.0,65.754710016,1.0159052154399204,1.3571428571428572
ResNet50,32,47.05436706542969,453.0,131.509420032,1.0698313849597476,1.3245614035087718
ResNet50,64,52.98735809326172,772.0,263.018840064,1.1260879998573168,1.7041942604856513
ResNet50,128,88.40806579589844,1446.0,526.037680128,1.668474688628439,1.8730569948186528
ResNet50,256,168.2761993408203,2793.0,1052.075360256,1.9034032452345229,1.9315352697095436
